switch0-client,switch0-s1,switch1-s0,switch1-s2,switch2-s1,switch2-server
273408,18139,18139,18139,18139,18139
273408,18139,18139,18139,18139,18139
273408,18139,18139,18139,18139,18139
273408,18139,18139,18139,18139,18139
273408,18139,18139,18139,18139,18139
273408,18139,18139,18139,18139,18139
273408,18139,18139,18139,18139,18139
273408,18139,18139,18139,18139,18139
273408,18139,18139,18139,18139,18139
273408,18139,18139,18139,18139,18139
273408,18139,18139,18139,18139,18139
273408,18139,18139,18139,18139,18139
273408,18139,18139,18139,18139,18139
273408,18139,18139,18139,18139,18139
273408,18139,18139,18139,18139,18139
273408,18139,18139,18139,18139,18139
273408,18139,18139,18139,18139,18139
273408,18139,18139,18139,18139,18139
273408,18139,18139,18139,18139,18139
273408,18139,18139,18139,18139,18139
273408,18139,18139,18139,18139,18139
273408,18139,18139,18139,18139,18139
273408,18139,18139,18139,18139,18139
273408,18139,18139,18139,18139,18139
273408,18139,18139,18139,18139,18139
273408,18139,18139,18139,18139,18139
273408,18139,18139,18139,18139,18139
273408,18139,18139,18139,18139,18139
273408,18139,18139,18139,18139,18139
273408,18139,18139,18139,18139,18139
